Driver,Abbreviation,No,Team,Country,Podiums,Points,Grands Prix Entered,World Championships,Highest Race Finish,Highest Grid Position,Date of Birth,Place of Birth,Full Team Name,Base,Team Chief,Technical Chief,Chassis,Power Unit,First Team Entry,Team World Championships,Team Highest Race Finish,Pole Positions,Fastest Laps
Max Verstappen,VER,1,Red Bull Racing,Netherlands,112,3023.5,209,4,1(x63),1,30/09/1997,"Hasselt, Belgium",Oracle Red Bull Racing,"Milton Keynes, United Kingdom",Christian Horner,Pierre Waché,RB20,Honda RBPT,1997,6,1(x122),103,99
Lando Norris,NOR,4,McLaren,United Kingdom,26,1007,128,0,1(x4),1,13/11/1999,"Bristol, England",McLaren Formula 1 Team,"Woking, United Kingdom",Andrea Stella,"Peter Prodromou / Neil Houldey",MCL38,Mercedes,1966,9,1(x189),164,172
Charles Leclerc,LEC,16,Ferrari,Monaco,43,1430,149,0,1(x8),1,16/10/1997,"Monte Carlo, Monaco",Scuderia Ferrari HP,"Maranello, Italy",Frédéric Vasseur,"Loic Serra / Enrico Gualtieri",SF-24,Ferrari,1950,16,1(x249),253,263
Oscar Piastri,PIA,81,McLaren,Australia,10,389,46,0,1(x2),2,06/04/2001,"Melbourne, Victoria",McLaren Formula 1 Team,"Woking, United Kingdom",Andrea Stella,"Peter Prodromou / Neil Houldey",MCL38,Mercedes,1966,9,1(x189),164,172
Carlos Sainz,SAI,55,Ferrari,Spain,27,1272.5,208,0,1(x4),1,01/09/1994,"Madrid, Spain",Scuderia Ferrari HP,"Maranello, Italy",Frédéric Vasseur,"Loic Serra / Enrico Gualtieri",SF-24,Ferrari,1950,16,1(x249),253,263
George Russell,RUS,63,Mercedes,United Kingdom,15,714,128,0,1(x3),1,15/02/1998,"King's Lynn, England",Mercedes-AMG Petronas F1 Team,"Brackley, United Kingdom",Toto Wolff,James Allison,W15,Mercedes,1970,8,1(x120),133,100
Lewis Hamilton,HAM,44,Mercedes,United Kingdom,202,4862.5,356,7,1(x105),1,07/01/1985,"Stevenage, England",Mercedes-AMG Petronas F1 Team,"Brackley, United Kingdom",Toto Wolff,James Allison,W15,Mercedes,1970,8,1(x120),133,100
Sergio Perez,PER,11,Red Bull Racing,Mexico,39,1638,282,0,1(x6),1,26/01/1990,"Guadalajara, Mexico",Oracle Red Bull Racing,"Milton Keynes, United Kingdom",Christian Horner,Pierre Waché,RB20,Honda RBPT,1997,6,1(x122),103,99
Fernando Alonso,ALO,14,Aston Martin,Spain,106,2337,404,2,1(x32),1,29/07/1981,"Oviedo, Spain",Aston Martin Aramco F1 Team,"Silverstone, United Kingdom",Mike Crack,Bob Bell,AMR24,Mercedes,2018,0,1(x1),1,3
Pierre Gasly,GAS,10,Alpine,France,5,436,154,0,1(x1),2,07/02/1996,"Rouen, France",BWT Alpine F1 Team,"Enstone, United Kingdom",Oliver Oakes,David Sanchez,A524,Renault,1986,2,1(x21),20,16
Nico Hulkenberg,HUL,27,Haas,Germany,0,571,230,0,4(x3),1,19/08/1987,"Emmerich am Rhein, Germany",MoneyGram Haas F1 Team,"Kannapolis, United States",Ayao Komatsu,Andrea De Zordo,VF-24,Ferrari,2016,0,4(x1),1,3
Yuki Tsunoda,TSU,22,RB,Japan,0,91,90,0,4(x1),3,11/05/2000,"Sagamihara, Japan",Visa Cash App RB Formula One Team,"Faenza, Italy",Laurent Mekies,Jody Egginton,VCARB 01,Honda RBPT,1985,0,1(x2),1,4
Lance Stroll,STR,18,Aston Martin,Canada,3,292,167,0,3(x3),1,29/10/1998,"Montreal, Canada",Aston Martin Aramco F1 Team,"Silverstone, United Kingdom",Mike Crack,Bob Bell,AMR24,Mercedes,2018,0,1(x1),1,3
Esteban Ocon,OCO,31,Alpine,France,4,445,156,0,1(x1),3,17/09/1996,"Evreux, Normandy",BWT Alpine F1 Team,"Enstone, United Kingdom",Oliver Oakes,David Sanchez,A524,Renault,1986,2,1(x21),20,16
Kevin Magnussen,MAG,20,Haas,Denmark,1,202,186,0,2(x1),4,05/10/1992,"Roskilde, Denmark",MoneyGram Haas F1 Team,"Kannapolis, United States",Ayao Komatsu,Andrea De Zordo,VF-24,Ferrari,2016,0,4(x1),1,3
Alexander Albon,ALB,23,Williams,Thailand,2,240,105,0,3(x2),4,23/03/1996,"London, England",Williams Racing,"Grove, United Kingdom",James Vowles,Pat Fry,FW46,Mercedes,1978,9,1(x114),128,133
Daniel Ricciardo,RIC,3,RB,Australia,32,1329,257,0,1(x8),1,01/07/1989,"Perth, Australia",Visa Cash App RB Formula One Team,"Faenza, Italy",Laurent Mekies,Jody Egginton,VCARB 01,Honda RBPT,1985,0,1(x2),1,4
Oliver Bearman,BEA,50,Haas,United Kingdom,0,7,3,0,7(x1),10,08/05/2005,"Chelmsford, England",MoneyGram Haas F1 Team,"Kannapolis, United States",Ayao Komatsu,Andrea De Zordo,VF-24,Ferrari,2016,0,4(x1),1,3
Franco Colapinto,COL,43,Williams,Argentina,0,5,9,0,8(x1),8,27/05/2003,"Buenos Aires, Argentina",Williams Racing,"Grove, United Kingdom",James Vowles,Pat Fry,FW46,Mercedes,1978,9,1(x114),128,133
Guanyu Zhou,ZHO,24,Kick Sauber,China,0,16,68,0,8(x2),5,30/05/1999,"Shanghai, China",Stake F1 Team Kick Sauber,"Hinwil, Switzerland",Alessandro Alunni Bravi,James Key,C44,Ferrari,1993,0,1(x1),1,7
Liam Lawson,LAW,30,RB,New Zealand,0,6,11,0,9(x3),5,11/02/2002,"Hastings, New Zealand",Visa Cash App RB Formula One Team,"Faenza, Italy",Laurent Mekies,Jody Egginton,VCARB 01,Honda RBPT,1985,0,1(x2),1,4
Valtteri Bottas,BOT,77,Kick Sauber,Finland,67,1797,246,0,1(x10),1,28/08/1989,"Nastola, Finland",Stake F1 Team Kick Sauber,"Hinwil, Switzerland",Alessandro Alunni Bravi,James Key,C44,Ferrari,1993,0,1(x1),1,7
Logan Sargeant,SAR,2,Williams,United States,0,1,36,0,10(x1),6,31/12/2000,"Fort Lauderdale, Florida",Williams Racing,"Grove, United Kingdom",James Vowles,Pat Fry,FW46,Mercedes,1978,9,1(x114),128,133
Jack Doohan,DOO,61,Alpine,Australia,0,0,1,0,15(x1),17,20/01/2003,"Gold Coast, Australia",BWT Alpine F1 Team,"Enstone, United Kingdom",Oliver Oakes,David Sanchez,A524,Renault,1986,2,1(x21),20,16